-- phpMyAdmin SQL Dump
-- version 5.0.3
-- https://www.phpmyadmin.net/
--
-- Host: 127.0.0.1
-- Generation Time: Dec 16, 2020 at 07:23 PM
-- Server version: 10.4.14-MariaDB
-- PHP Version: 7.2.34

SET SQL_MODE = "NO_AUTO_VALUE_ON_ZERO";
START TRANSACTION;
SET time_zone = "+00:00";


/*!40101 SET @OLD_CHARACTER_SET_CLIENT=@@CHARACTER_SET_CLIENT */;
/*!40101 SET @OLD_CHARACTER_SET_RESULTS=@@CHARACTER_SET_RESULTS */;
/*!40101 SET @OLD_COLLATION_CONNECTION=@@COLLATION_CONNECTION */;
/*!40101 SET NAMES utf8mb4 */;

--
-- Database: `shopping`
--

-- --------------------------------------------------------

--
-- Table structure for table `admin`
--

CREATE TABLE `admin` (
  `id` int(11) NOT NULL,
  `username` varchar(255) NOT NULL,
  `password` varchar(255) NOT NULL,
  `creationDate` timestamp NOT NULL DEFAULT current_timestamp(),
  `updationDate` varchar(255) NOT NULL
) ENGINE=InnoDB DEFAULT CHARSET=latin1;

--
-- Dumping data for table `admin`
--

INSERT INTO `admin` (`id`, `username`, `password`, `creationDate`, `updationDate`) VALUES
(1, 'admin', 'aa3870525fd37551c80b22a5b7293892', '2017-01-24 16:21:18', '14-12-2020 01:56:33 PM');

-- --------------------------------------------------------

--
-- Table structure for table `category`
--

CREATE TABLE `category` (
  `id` int(11) NOT NULL,
  `categoryName` varchar(255) DEFAULT NULL,
  `categoryDescription` longtext DEFAULT NULL,
  `creationDate` timestamp NOT NULL DEFAULT current_timestamp(),
  `updationDate` varchar(255) DEFAULT NULL
) ENGINE=InnoDB DEFAULT CHARSET=latin1;

--
-- Dumping data for table `category`
--

INSERT INTO `category` (`id`, `categoryName`, `categoryDescription`, `creationDate`, `updationDate`) VALUES
(3, 'Books', 'Test anuj', '2017-01-24 19:17:37', '30-01-2017 12:22:24 AM'),
(4, 'Electronics', 'Electronic Products', '2017-01-24 19:19:32', ''),
(5, 'Furniture', 'test', '2017-01-24 19:19:54', ''),
(6, 'Fashion', 'Fashion', '2017-02-20 19:18:52', '');

-- --------------------------------------------------------

--
-- Table structure for table `orders`
--

CREATE TABLE `orders` (
  `id` int(11) NOT NULL,
  `userId` int(11) DEFAULT NULL,
  `productId` varchar(255) DEFAULT NULL,
  `quantity` int(11) DEFAULT NULL,
  `orderDate` timestamp NOT NULL DEFAULT current_timestamp(),
  `paymentMethod` varchar(50) DEFAULT NULL,
  `orderStatus` varchar(55) DEFAULT NULL
) ENGINE=InnoDB DEFAULT CHARSET=latin1;

--
-- Dumping data for table `orders`
--

INSERT INTO `orders` (`id`, `userId`, `productId`, `quantity`, `orderDate`, `paymentMethod`, `orderStatus`) VALUES
(1, 1, '3', 1, '2017-03-07 19:32:57', 'COD', NULL),
(3, 1, '4', 1, '2017-03-10 19:43:04', 'Debit / Credit card', 'Delivered'),
(4, 1, '17', 1, '2017-03-08 16:14:17', 'COD', 'in Process'),
(5, 1, '3', 1, '2017-03-08 19:21:38', 'COD', NULL),
(6, 1, '4', 1, '2017-03-08 19:21:38', 'COD', NULL),
(7, 4, '3', 1, '2020-12-16 17:58:25', 'COD', NULL),
(8, 4, '4', 1, '2020-12-16 18:03:45', 'Debit / Credit card', NULL),
(9, 4, '4', 1, '2020-12-16 18:04:06', 'Debit / Credit card', NULL);

-- --------------------------------------------------------

--
-- Table structure for table `ordertrackhistory`
--

CREATE TABLE `ordertrackhistory` (
  `id` int(11) NOT NULL,
  `orderId` int(11) DEFAULT NULL,
  `status` varchar(255) DEFAULT NULL,
  `remark` mediumtext DEFAULT NULL,
  `postingDate` timestamp NOT NULL DEFAULT current_timestamp()
) ENGINE=InnoDB DEFAULT CHARSET=latin1;

--
-- Dumping data for table `ordertrackhistory`
--

INSERT INTO `ordertrackhistory` (`id`, `orderId`, `status`, `remark`, `postingDate`) VALUES
(1, 3, 'in Process', 'Order has been Shipped.', '2017-03-10 19:36:45'),
(2, 1, 'Delivered', 'Order Has been delivered', '2017-03-10 19:37:31'),
(3, 3, 'Delivered', 'Product delivered successfully', '2017-03-10 19:43:04'),
(4, 4, 'in Process', 'Product ready for Shipping', '2017-03-10 19:50:36');

-- --------------------------------------------------------

--
-- Table structure for table `productreviews`
--

CREATE TABLE `productreviews` (
  `id` int(11) NOT NULL,
  `productId` int(11) DEFAULT NULL,
  `quality` int(11) DEFAULT NULL,
  `price` int(11) DEFAULT NULL,
  `value` int(11) DEFAULT NULL,
  `name` varchar(255) DEFAULT NULL,
  `summary` varchar(255) DEFAULT NULL,
  `review` longtext DEFAULT NULL,
  `reviewDate` timestamp NOT NULL DEFAULT current_timestamp()
) ENGINE=InnoDB DEFAULT CHARSET=latin1;

--
-- Dumping data for table `productreviews`
--

INSERT INTO `productreviews` (`id`, `productId`, `quality`, `price`, `value`, `name`, `summary`, `review`, `reviewDate`) VALUES
(5, 4, 4, 5, 5, 'dani', 'good', 'ghjhkjhkhkuh', '2020-12-16 18:22:45');

-- --------------------------------------------------------

--
-- Table structure for table `products`
--

CREATE TABLE `products` (
  `id` int(11) NOT NULL,
  `category` int(11) NOT NULL,
  `subCategory` int(11) DEFAULT NULL,
  `productName` varchar(255) DEFAULT NULL,
  `productCompany` varchar(255) DEFAULT NULL,
  `productPrice` int(11) DEFAULT NULL,
  `productPriceBeforeDiscount` int(11) DEFAULT NULL,
  `productDescription` longtext DEFAULT NULL,
  `productImage1` varchar(255) DEFAULT NULL,
  `productImage2` varchar(255) DEFAULT NULL,
  `productImage3` varchar(255) DEFAULT NULL,
  `shippingCharge` int(11) DEFAULT NULL,
  `productAvailability` varchar(255) DEFAULT NULL,
  `postingDate` timestamp NULL DEFAULT current_timestamp(),
  `updationDate` varchar(255) DEFAULT NULL
) ENGINE=InnoDB DEFAULT CHARSET=latin1;

--
-- Dumping data for table `products`
--

INSERT INTO `products` (`id`, `category`, `subCategory`, `productName`, `productCompany`, `productPrice`, `productPriceBeforeDiscount`, `productDescription`, `productImage1`, `productImage2`, `productImage3`, `shippingCharge`, `productAvailability`, `postingDate`, `updationDate`) VALUES
(1, 4, 3, 'Micromax 81cm (32) HD Ready LED TV  (32T6175MHD, 2 x HDMI, 2 x USB)', 'Micromax test', 139900, 0, '<div class=\"HoUsOy\" style=\"box-sizing: border-box; margin: 0px; padding: 0px 0px 16px; font-size: 18px; white-space: nowrap; line-height: 1.4; color: rgb(33, 33, 33); font-family: Roboto, Arial, sans-serif;\">General</div><ul style=\"box-sizing: border-box; margin-bottom: 0px; margin-left: 0px; color: rgb(33, 33, 33); font-family: Roboto, Arial, sans-serif; font-size: 14px;\"><li class=\"_1KuY3T row\" style=\"box-sizing: border-box; margin: 0px; padding: 0px 0px 16px; list-style: none; display: flex; flex-flow: row wrap; width: 731px;\"><div class=\"vmXPri col col-3-12\" style=\"box-sizing: border-box; margin: 0px; padding: 0px 8px 0px 0px; width: 182.75px; display: inline-block; vertical-align: top; color: rgb(135, 135, 135);\">Sales Package</div><ul class=\"_3dG3ix col col-9-12\" style=\"box-sizing: border-box; margin-left: 0px; width: 548.25px; display: inline-block; vertical-align: top; line-height: 1.4;\"><li class=\"sNqDog\" style=\"box-sizing: border-box; margin: 0px; padding: 0px; list-style: none;\">1 TV Unit, Remote Controller, Battery (For Remote Controller), Quick Installation Guide and User Manual: All in One, Wall Mount Support</li></ul></li><li class=\"_1KuY3T row\" style=\"box-sizing: border-box; margin: 0px; padding: 0px 0px 16px; list-style: none; display: flex; flex-flow: row wrap; width: 731px;\"><div class=\"vmXPri col col-3-12\" style=\"box-sizing: border-box; margin: 0px; padding: 0px 8px 0px 0px; width: 182.75px; display: inline-block; vertical-align: top; color: rgb(135, 135, 135);\">Model Name</div><ul class=\"_3dG3ix col col-9-12\" style=\"box-sizing: border-box; margin-left: 0px; width: 548.25px; display: inline-block; vertical-align: top; line-height: 1.4;\"><li class=\"sNqDog\" style=\"box-sizing: border-box; margin: 0px; padding: 0px; list-style: none;\">32T6175MHD</li></ul></li><li class=\"_1KuY3T row\" style=\"box-sizing: border-box; margin: 0px; padding: 0px 0px 16px; list-style: none; display: flex; flex-flow: row wrap; width: 731px;\"><div class=\"vmXPri col col-3-12\" style=\"box-sizing: border-box; margin: 0px; padding: 0px 8px 0px 0px; width: 182.75px; display: inline-block; vertical-align: top; color: rgb(135, 135, 135);\">Display Size</div><ul class=\"_3dG3ix col col-9-12\" style=\"box-sizing: border-box; margin-left: 0px; width: 548.25px; display: inline-block; vertical-align: top; line-height: 1.4;\"><li class=\"sNqDog\" style=\"box-sizing: border-box; margin: 0px; padding: 0px; list-style: none;\">81 cm (32)</li></ul></li><li class=\"_1KuY3T row\" style=\"box-sizing: border-box; margin: 0px; padding: 0px 0px 16px; list-style: none; display: flex; flex-flow: row wrap; width: 731px;\"><div class=\"vmXPri col col-3-12\" style=\"box-sizing: border-box; margin: 0px; padding: 0px 8px 0px 0px; width: 182.75px; display: inline-block; vertical-align: top; color: rgb(135, 135, 135);\">Screen Type</div><ul class=\"_3dG3ix col col-9-12\" style=\"box-sizing: border-box; margin-left: 0px; width: 548.25px; display: inline-block; vertical-align: top; line-height: 1.4;\"><li class=\"sNqDog\" style=\"box-sizing: border-box; margin: 0px; padding: 0px; list-style: none;\">LED</li></ul></li><li class=\"_1KuY3T row\" style=\"box-sizing: border-box; margin: 0px; padding: 0px 0px 16px; list-style: none; display: flex; flex-flow: row wrap; width: 731px;\"><div class=\"vmXPri col col-3-12\" style=\"box-sizing: border-box; margin: 0px; padding: 0px 8px 0px 0px; width: 182.75px; display: inline-block; vertical-align: top; color: rgb(135, 135, 135);\">HD Technology &amp; Resolutiontest</div><ul class=\"_3dG3ix col col-9-12\" style=\"box-sizing: border-box; margin-left: 0px; width: 548.25px; display: inline-block; vertical-align: top; line-height: 1.4;\"><li class=\"sNqDog\" style=\"box-sizing: border-box; margin: 0px; padding: 0px; list-style: none;\">HD Ready, 1366 x 768</li></ul></li></ul>', 'micromax1.jpeg', 'micromax main image.jpg', 'micromax main image.jpg', 1200, 'In Stock', '2017-01-30 16:54:35', ''),
(2, 4, 4, 'Apple iPhone 6 (Silver, 16 GB)', 'Apple INC', 36990, 0, '<div class=\"_2PF8IO\" style=\"box-sizing: border-box; margin: 0px 0px 0px 110px; padding: 0px; flex: 1 1 0%; color: rgb(33, 33, 33); font-family: Roboto, Arial, sans-serif; font-size: 14px;\"><ul style=\"box-sizing: border-box; margin-bottom: 0px; margin-left: 0px;\"><li class=\"_1tMfkh\" style=\"box-sizing: border-box; margin: 0px; padding: 0px 0px 8px 16px; list-style: none; position: relative;\">1 GB RAM | 16 GB ROM |</li><li class=\"_1tMfkh\" style=\"box-sizing: border-box; margin: 0px; padding: 0px 0px 8px 16px; list-style: none; position: relative;\">4.7 inch Retina HD Display</li><li class=\"_1tMfkh\" style=\"box-sizing: border-box; margin: 0px; padding: 0px 0px 8px 16px; list-style: none; position: relative;\">8MP Primary Camera | 1.2MP Front</li><li class=\"_1tMfkh\" style=\"box-sizing: border-box; margin: 0px; padding: 0px 0px 8px 16px; list-style: none; position: relative;\">Li-Ion Battery</li><li class=\"_1tMfkh\" style=\"box-sizing: border-box; margin: 0px; padding: 0px 0px 8px 16px; list-style: none; position: relative;\">A8 Chip with 64-bit Architecture and M8 Motion Co-processor Processor</li></ul></div>', 'apple-iphone-6-1.jpeg', 'apple-iphone-6-2.jpeg', 'apple-iphone-6-3.jpeg', 0, 'In Stock', '2017-01-30 16:59:00', ''),
(3, 4, 4, 'Redmi Note 4 (Gold, 32 GB)  (With 3 GB RAM)', 'Redmi', 10999, 0, '<br><div><ol><li>3 GB RAM | 32 GB ROM | Expandable Upto 128 GB<br></li><li>5.5 inch Full HD Display<br></li><li>13MP Primary Camera | 5MP Front<br></li><li>4100 mAh Li-Polymer Battery<br></li><li>Qualcomm Snapdragon 625 64-bit Processor<br></li></ol></div>', 'mi-redmi-note-4-1.jpeg', 'mi-redmi-note-4-2.jpeg', 'mi-redmi-note-4-3.jpeg', 0, 'In Stock', '2017-02-04 04:03:15', ''),
(4, 4, 4, 'Lenovo K6 Power (Silver, 32 GB) ', 'Lenovo', 9999, 0, '<ul><li>3 GB RAM | 32 GB ROM | Expandable Upto 128 GB<br></li><li>5 inch Full HD Display<br></li><li>13MP Primary Camera | 8MP Front<br></li><li>4000 mAh Li-Polymer Battery<br></li><li>Qualcomm Snapdragon 430 Processor<br></li></ul>', 'lenovo-k6-power-k33a42-1.jpeg', 'lenovo-k6-power-k33a42-2.jpeg', 'lenovo-k6-power-k33a42-3.jpeg', 45, 'In Stock', '2017-02-04 04:04:43', ''),
(5, 4, 4, 'Lenovo Vibe K5 Note (Gold, 32 GB)  ', 'Lenovo', 11999, 0, '<ul><li>3 GB RAM | 32 GB ROM | Expandable Upto 128 GB<br></li><li>5.5 inch Full HD Display<br></li><li>13MP Primary Camera | 8MP Front<br></li><li>3500 mAh Li-Ion Polymer Battery<br></li><li>Helio P10 64-bit Processor<br></li></ul>', 'lenovo-k5-note-pa330010in-1.jpeg', 'lenovo-k5-note-pa330116in-2.jpeg', 'lenovo-k5-note-pa330116in-3.jpeg', 0, 'In Stock', '2017-02-04 04:06:17', ''),
(6, 4, 4, 'Micromax Canvas Mega 4G', 'Micromax', 6999, 0, '<ul><li>3 GB RAM | 16 GB ROM |<br></li><li>5.5 inch HD Display<br></li><li>13MP Primary Camera | 5MP Front<br></li><li>2500 mAh Battery<br></li><li>MT6735 Processor<br></li></ul>', 'micromax-canvas-mega-4g-1.jpeg', 'micromax-canvas-mega-4g-2.jpeg', 'micromax-canvas-mega-4g-3.jpeg', 35, 'In Stock', '2017-02-04 04:08:07', ''),
(7, 4, 4, 'SAMSUNG Galaxy On5', 'SAMSUNG', 7490, 0, '<ul><li>1.5 GB RAM | 8 GB ROM | Expandable Upto 128 GB<br></li><li>5 inch HD Display<br></li><li>8MP Primary Camera | 5MP Front<br></li><li>2600 mAh Li-Ion Battery<br></li><li>Exynos 3475 Processor<br></li></ul>', 'samsung-galaxy-on7-sm-1.jpeg', 'samsung-galaxy-on5-sm-2.jpeg', 'samsung-galaxy-on5-sm-3.jpeg', 20, 'In Stock', '2017-02-04 04:10:17', ''),
(8, 4, 4, 'OPPO A57', 'OPPO', 14990, 0, '<ul><li>3 GB RAM | 32 GB ROM | Expandable Upto 256 GB<br></li><li>5.2 inch HD Display<br></li><li>13MP Primary Camera | 16MP Front<br></li><li>2900 mAh Battery<br></li><li>Qualcomm MSM8940 64-bit Processor<br></li></ul>', 'oppo-a57-na-original-1.jpeg', 'oppo-a57-na-original-2.jpeg', 'oppo-a57-na-original-3.jpeg', 0, 'In Stock', '2017-02-04 04:11:54', ''),
(9, 4, 5, 'Affix Back Cover for Mi Redmi Note 4', 'Techguru', 259, 0, '<ul><li>Suitable For: Mobile<br></li><li>Material: Polyurethane<br></li><li>Theme: No Theme<br></li><li>Type: Back Cover<br></li><li>Waterproof<br></li></ul>', 'amzer-amz98947-original-1.jpeg', 'amzer-amz98947-original-2.jpeg', 'amzer-amz98947-original-3.jpeg', 10, 'In Stock', '2017-02-04 04:17:03', ''),
(11, 4, 6, 'Acer ES 15 Pentium Quad Core', 'Acer', 19990, 0, '<ul><li>Intel Pentium Quad Core Processor ( )<br></li><li>4 GB DDR3 RAM<br></li><li>Linux/Ubuntu Operating System<br></li><li>1 TB HDD<br></li><li>15.6 inch Display<br></li></ul>', 'acer-aspire-notebook-original-1.jpeg', 'acer-aspire-notebook-original-2.jpeg', 'acer-aspire-notebook-original-3.jpeg', 0, 'In Stock', '2017-02-04 04:26:17', ''),
(12, 4, 6, 'Micromax Canvas Laptab II (WIFI) Atom 4th Gen', 'Micromax', 10999, 0, '<ul><li>Intel Atom Processor ( 4th Gen )<br></li><li>2 GB DDR3 RAM<br></li><li>32 bit Windows 10 Operating System<br></li><li>11.6 inch Touchscreen Display<br></li></ul>', 'micromax-lt777w-2-in-1-laptop-original-1.jpeg', 'micromax-lt777w-2-in-1-laptop-original-2.jpeg', 'micromax-lt777w-2-in-1-laptop-original-3.jpeg', 0, 'In Stock', '2017-02-04 04:28:17', ''),
(13, 4, 6, 'HP Core i5 5th Gen', 'HP', 41990, 0, '<span style=\"color: rgb(33, 33, 33); font-family: Roboto, Arial, sans-serif; font-size: 18px;\">HP Core i5 5th Gen - (4 GB/1 TB HDD/Windows 10 Home/2 GB Graphics) N8M28PA 15-ac123tx Notebook</span><span style=\"color: rgb(33, 33, 33); font-family: Roboto, Arial, sans-serif; font-size: 18px;\">&nbsp;&nbsp;(15.6 inch, Turbo SIlver, 2.19 kg)</span><br><div><ul><li>Intel Core i5 Processor ( 5th Gen )<br></li><li>4 GB DDR3 RAM<br></li><li>64 bit Windows 10 Operating System<br></li><li>1 TB HDD<br></li><li>15.6 inch Display<br></li></ul></div>', 'hp-notebook-original-1.jpeg', 'hp-notebook-original-2.jpeg', 'hp-notebook-original-3.jpeg', 0, 'In Stock', '2017-02-04 04:30:24', ''),
(14, 4, 6, 'Lenovo Ideapad 110 APU Quad Core A6 6th Gen', 'Lenovo', 22990, 0, '<span style=\"color: rgb(33, 33, 33); font-family: Roboto, Arial, sans-serif; font-size: 18px;\">Lenovo Ideapad 110 APU Quad Core A6 6th Gen - (4 GB/500 GB HDD/Windows 10 Home) 80TJ00D2IH IP110 15ACL Notebook</span><span style=\"color: rgb(33, 33, 33); font-family: Roboto, Arial, sans-serif; font-size: 18px;\">&nbsp;&nbsp;(15.6 inch, Black, 2.2 kg)</span><br><div><ul><li>AMD APU Quad Core A6 Processor ( 6th Gen )<br></li><li>4 GB DDR3 RAM<br></li><li>64 bit Windows 10 Operating System<br></li><li>500 GB HDD<br></li><li>15.6 inch Display<br></li></ul></div>', 'lenovo-ideapad-notebook-original-1.jpeg', 'lenovo-ideapad-notebook-original-2.jpeg', 'lenovo-ideapad-notebook-3.jpeg', 0, 'In Stock', '2017-02-04 04:32:15', ''),
(15, 3, 8, 'The Wimpy Kid Do -It- Yourself Book', 'ABC', 205, 250, '<span style=\"color: rgb(33, 33, 33); font-family: Roboto, Arial, sans-serif; font-size: 18px;\">The Wimpy Kid Do -It- Yourself Book</span><span style=\"color: rgb(33, 33, 33); font-family: Roboto, Arial, sans-serif; font-size: 18px;\">&nbsp;&nbsp;(English, Paperback, Jeff Kinney)</span><br><div><ul><li>Language: English<br></li><li>Binding: Paperback<br></li><li>Publisher: Penguin Books Ltd<br></li><li>ISBN: 9780141339665, 0141339667<br></li><li>Edition: 1<br></li></ul></div>', 'diary-of-a-wimpy-kid-do-it-yourself-book-original-1.jpeg', 'diary-of-a-wimpy-kid-do-it-yourself-book-original-1.jpeg', 'diary-of-a-wimpy-kid-do-it-yourself-book-original-1.jpeg', 50, 'In Stock', '2017-02-04 04:35:13', ''),
(16, 3, 8, 'Thea Stilton and the Tropical Treasure ', 'XYZ', 240, 0, '<ul><li>Language: English<br></li><li>Binding: Paperback<br></li><li>Publisher: Scholastic<br></li><li>ISBN: 9789351032083, 9351032086<br></li><li>Edition: 2015<br></li><li>Pages: 176<br></li></ul>', '22-thea-stilton-and-the-tropical-treasure-original-1.jpeg', '22-thea-stilton-and-the-tropical-treasure-original-1.jpeg', '22-thea-stilton-and-the-tropical-treasure-original-1.jpeg', 30, 'In Stock', '2017-02-04 04:36:23', ''),
(17, 5, 9, 'Induscraft Solid Wood King Bed With Storage', 'Induscraft', 32566, 0, '<span style=\"color: rgb(33, 33, 33); font-family: Roboto, Arial, sans-serif; font-size: 18px;\">Induscraft Solid Wood King Bed With Storage</span><span style=\"color: rgb(33, 33, 33); font-family: Roboto, Arial, sans-serif; font-size: 18px;\">&nbsp;&nbsp;(Finish Color - Honey Brown)</span><br><div><ul><li>Material Subtype: Rosewood (Sheesham)<br></li><li>W x H x D: 1850 mm x 875 mm x 2057.5 mm<br></li><li>Floor Clearance: 8 mm<br></li><li>Delivery Condition: Knock Down<br></li></ul></div>', 'inaf245-queen-rosewood-sheesham-induscraft-na-honey-brown-original-1.jpeg', 'inaf245-queen-rosewood-sheesham-induscraft-na-honey-brown-original-2.jpeg', 'inaf245-queen-rosewood-sheesham-induscraft-na-honey-brown-original-3.jpeg', 0, 'In Stock', '2017-02-04 04:40:37', ''),
(18, 5, 10, 'Nilkamal Ursa Metal Queen Bed', 'Nilkamal', 6523, 0, '<span style=\"color: rgb(33, 33, 33); font-family: Roboto, Arial, sans-serif; font-size: 18px;\">@home by Nilkamal Ursa Metal Queen Bed</span><span style=\"color: rgb(33, 33, 33); font-family: Roboto, Arial, sans-serif; font-size: 18px;\">&nbsp;&nbsp;(Finish Color - NA)</span><br><div><ul><li>Material Subtype: Carbon Steel<br></li><li>W x H x D: 1590 mm x 910 mm x 2070 mm<br></li><li>Floor Clearance: 341 mm<br></li><li>Delivery Condition: Knock Down<br></li></ul></div>', 'flbdorsabrqbblk-queen-carbon-steel-home-by-nilkamal-na-na-original-1.jpeg', 'flbdorsabrqbblk-queen-carbon-steel-home-by-nilkamal-na-na-original-2.jpeg', 'flbdorsabrqbblk-queen-carbon-steel-home-by-nilkamal-na-na-original-3.jpeg', 0, 'In Stock', '2017-02-04 04:42:27', ''),
(22, 6, 12, 'EMTSUC20-099 - Deep Blue', 'EDENROBE', 2800, 3500, '<p style=\"box-sizing: border-box; padding: 0px; font-family: Poppins; font-size: 16px; color: rgb(0, 0, 0);\">Fabric :&nbsp;100% Pique cotton</p><p style=\"box-sizing: border-box; padding: 0px; font-family: Poppins; font-size: 16px; color: rgb(0, 0, 0);\"><span style=\"box-sizing: border-box; padding: 0px;\">Yarn dyed Striped with Button Down shirt collar, Detailed with Barrel-cuff.</span></p>', 'shirt1.jpg', 'shirt1a.jpg', 'Shirt1b.jpg', 0, 'In Stock', '2020-12-14 18:07:21', NULL),
(24, 6, 12, 'EMTSUC20-103 - Deep Blue', 'EDENROBE', 2300, 3000, '<p style=\"box-sizing: border-box; padding: 0px; font-family: Poppins; font-size: 16px; color: rgb(0, 0, 0);\">Fabric :&nbsp;<span style=\"box-sizing: border-box; padding: 0px;\">100% Pique cotton</span></p><p style=\"box-sizing: border-box; padding: 0px; font-family: Poppins; font-size: 16px; color: rgb(0, 0, 0);\"><span style=\"box-sizing: border-box; padding: 0px;\">Printed shirt with Button Down shirt collar, Detailed with Barrel-cuff.</span></p>', 'shirt6.jpg', 'shirt6a.jpg', 'shirt6c.jpg', 0, 'In Stock', '2020-12-14 18:15:22', NULL),
(25, 6, 12, 'EMTSUC20-098 - White', 'EDENROBE', 2300, 3000, '<p style=\"box-sizing: border-box; padding: 0px; font-family: Poppins; font-size: 16px; color: rgb(0, 0, 0);\">Fabric :&nbsp;100% Pique cotton</p><p style=\"box-sizing: border-box; padding: 0px; font-family: Poppins; font-size: 16px; color: rgb(0, 0, 0);\"><span style=\"box-sizing: border-box; padding: 0px;\">Yarn dyed Striped with Button Down shirt collar, Detailed with Barrel-cuff.</span></p>', 'shirt7a.jpg', 'shirt7b.jpg', 'shirt7c.jpg', 0, 'In Stock', '2020-12-14 18:19:46', NULL),
(26, 6, 12, 'RT Basic 5 Pocket PAB847-NY', 'Royal Tag', 3000, 3500, '<span style=\"color: rgb(17, 17, 17); font-family: Karla, sans-serif; font-size: 15px;\">This Chino for men is crafted from top quality soft cotton fabric to keep you comfortable throughout the day a</span><span class=\"morecontent\" style=\"box-sizing: border-box; color: rgb(17, 17, 17); font-family: Karla, sans-serif; font-size: 15px;\"><span style=\"box-sizing: border-box;\">nd the seasons. It has been manufactured to the highest quality standards and has been put through various tests to ensure durability fabric strength and comfort. The classic design and fresh color make it suitable with a variety of shirts and even under some blazers it can be worn on multiple occasion</span></span><br>', 'pent2.jpg', 'pent2a.jpg', 'pent2b.jpg', 0, 'In Stock', '2020-12-16 15:56:15', NULL),
(27, 6, 12, 'Grey Self Check Smart Fit Chino', 'Uniworth', 3000, 3500, '<h1 class=\"product-single__title\" style=\"box-sizing: border-box; line-height: 1.2; font-size: 26px; color: rgb(0, 0, 0); font-family: &quot;Roboto Slab&quot;, serif; overflow-wrap: break-word; letter-spacing: 0.2px;\"><span style=\"color: rgb(17, 17, 17); font-family: Karla, sans-serif; font-size: 15px; font-weight: 400; letter-spacing: normal;\">his Chino for men is crafted from top quality soft cotton fabric to keep you comfortable throughout the day a</span><span class=\"morecontent\" style=\"box-sizing: border-box; color: rgb(17, 17, 17); font-family: Karla, sans-serif; font-size: 15px; font-weight: 400; letter-spacing: normal;\"><span style=\"box-sizing: border-box;\">nd the seasons. It has been manufactured to the highest quality standards and has been put through various tests to ensure durability fabric strength and comfort. The classic design and fresh color make it suitable with a variety of shirts and even under some blazers it can be worn on multiple occasions.</span></span><br></h1>', 'pent1.jpg', 'pent1a.jpg', 'pent1b.jpg', 0, 'In Stock', '2020-12-16 16:00:51', NULL),
(28, 6, 12, 'Medium Blue Straight Fit Chino Trouser', 'Uniworth', 3000, 3500, '<span style=\"color: rgb(17, 17, 17); font-family: Karla, sans-serif; font-size: 15px;\">This Chino for men is crafted from top quality soft cotton fabric to keep you comfortable throughout the day a</span><span class=\"morecontent\" style=\"box-sizing: border-box; color: rgb(17, 17, 17); font-family: Karla, sans-serif; font-size: 15px;\"><span style=\"box-sizing: border-box;\">nd the seasons. It has been manufactured to the highest quality standards and has been put through various tests to ensure durability, fabric strength and comfort. The classic design and fresh color make it suitable with a variety of shirts and even under some blazers; it can be worn on multiple occasions. Order now and get this versatile chino</span></span><br>', 'pent3.jpg', 'pent3a.jpg', 'pent3b.jpg', 0, 'In Stock', '2020-12-16 16:17:59', NULL),
(29, 6, 13, 'JJPW-S-JPWS-20-167 FB/TEA ROSE', 'J.', 3800, 4000, '<span style=\"color: rgb(48, 48, 48); font-family: Lato, sans-serif; font-size: 14px; letter-spacing: 1px;\">Wear Type: Casual</span><br style=\"box-sizing: border-box; color: rgb(48, 48, 48); font-family: Lato, sans-serif; font-size: 14px; letter-spacing: 1px;\"><span style=\"color: rgb(48, 48, 48); font-family: Lato, sans-serif; font-size: 14px; letter-spacing: 1px;\">Fabric Type: Lawn</span><br style=\"box-sizing: border-box; color: rgb(48, 48, 48); font-family: Lato, sans-serif; font-size: 14px; letter-spacing: 1px;\"><span style=\"color: rgb(48, 48, 48); font-family: Lato, sans-serif; font-size: 14px; letter-spacing: 1px;\">Description: 3Pc Stitched Embroidered Silk Dupatta Suit With Straight Pants Embellished With Pearl Lace Used At Hem And Sleeves.</span><br>', 'cloth1.jpg', 'cloth1a.jpg', 'cloth1b.jpg', 0, 'In Stock', '2020-12-16 16:58:28', NULL),
(30, 6, 13, 'JJPW-S-JPS-20-201 FB/JPS-20-201', 'J.', 8000, 9000, '<span style=\"color: rgb(48, 48, 48); font-family: Lato, sans-serif; font-size: 14px; letter-spacing: 1px;\">Collection Type: Embroidered Dyed Semi Formal Shirt - Dyed Laced/Cut Semi Formal Trouser - Embroidered Dyed Semi Formal Dupatta</span><br style=\"box-sizing: border-box; color: rgb(48, 48, 48); font-family: Lato, sans-serif; font-size: 14px; letter-spacing: 1px;\"><span style=\"color: rgb(48, 48, 48); font-family: Lato, sans-serif; font-size: 14px; letter-spacing: 1px;\">Wear Type: Formal</span><br style=\"box-sizing: border-box; color: rgb(48, 48, 48); font-family: Lato, sans-serif; font-size: 14px; letter-spacing: 1px;\"><span style=\"color: rgb(48, 48, 48); font-family: Lato, sans-serif; font-size: 14px; letter-spacing: 1px;\">Fabric Type: Paper Cotton</span><br style=\"box-sizing: border-box; color: rgb(48, 48, 48); font-family: Lato, sans-serif; font-size: 14px; letter-spacing: 1px;\"><span style=\"color: rgb(48, 48, 48); font-family: Lato, sans-serif; font-size: 14px; letter-spacing: 1px;\">Shirt Front: Embroidered Organza On Paper Cotton With Zari</span><br style=\"box-sizing: border-box; color: rgb(48, 48, 48); font-family: Lato, sans-serif; font-size: 14px; letter-spacing: 1px;\"><span style=\"color: rgb(48, 48, 48); font-family: Lato, sans-serif; font-size: 14px; letter-spacing: 1px;\">Sleeves: Embroidered Straight Sleeves</span><br style=\"box-sizing: border-box; color: rgb(48, 48, 48); font-family: Lato, sans-serif; font-size: 14px; letter-spacing: 1px;\"><span style=\"color: rgb(48, 48, 48); font-family: Lato, sans-serif; font-size: 14px; letter-spacing: 1px;\">Dupatta: Jacquard Dupatta</span><br style=\"box-sizing: border-box; color: rgb(48, 48, 48); font-family: Lato, sans-serif; font-size: 14px; letter-spacing: 1px;\"><span style=\"color: rgb(48, 48, 48); font-family: Lato, sans-serif; font-size: 14px; letter-spacing: 1px;\">Trouser: Straight Pants</span><br style=\"box-sizing: border-box; color: rgb(48, 48, 48); font-family: Lato, sans-serif; font-size: 14px; letter-spacing: 1px;\"><span style=\"color: rgb(48, 48, 48); font-family: Lato, sans-serif; font-size: 14px; letter-spacing: 1px;\">Style Cut: Straight Embroidered Shirt</span><br style=\"box-sizing: border-box; color: rgb(48, 48, 48); font-family: Lato, sans-serif; font-size: 14px; letter-spacing: 1px;\"><span style=\"color: rgb(48, 48, 48); font-family: Lato, sans-serif; font-size: 14px; letter-spacing: 1px;\">Length: Medium</span><br>', 'cloth2.jpg', 'cloth2a.jpg', 'cloth2b.jpg', 0, 'In Stock', '2020-12-16 17:09:12', NULL),
(31, 6, 13, 'Embroidered Kurta', 'Khadi', 2500, 3000, 'Color: blue<div>Denium jeans Kurta<br><div><br></div></div>', 'cloth3.jpg', 'cloth3a.jpg', 'cloth3b.jpg', 0, 'In Stock', '2020-12-16 17:21:27', NULL);

-- --------------------------------------------------------

--
-- Table structure for table `subcategory`
--

CREATE TABLE `subcategory` (
  `id` int(11) NOT NULL,
  `categoryid` int(11) DEFAULT NULL,
  `subcategory` varchar(255) DEFAULT NULL,
  `creationDate` timestamp NULL DEFAULT current_timestamp(),
  `updationDate` varchar(255) DEFAULT NULL
) ENGINE=InnoDB DEFAULT CHARSET=latin1;

--
-- Dumping data for table `subcategory`
--

INSERT INTO `subcategory` (`id`, `categoryid`, `subcategory`, `creationDate`, `updationDate`) VALUES
(2, 4, 'Led Television', '2017-01-26 16:24:52', '26-01-2017 11:03:40 PM'),
(3, 4, 'Television', '2017-01-26 16:29:09', ''),
(4, 4, 'Mobiles', '2017-01-30 16:55:48', ''),
(5, 4, 'Mobile Accessories', '2017-02-04 04:12:40', ''),
(6, 4, 'Laptops', '2017-02-04 04:13:00', ''),
(7, 4, 'Computers', '2017-02-04 04:13:27', ''),
(8, 3, 'Comics', '2017-02-04 04:13:54', ''),
(9, 5, 'Beds', '2017-02-04 04:36:45', ''),
(10, 5, 'Sofas', '2017-02-04 04:37:02', ''),
(11, 5, 'Dining Tables', '2017-02-04 04:37:51', ''),
(12, 6, 'Men Wear', '2017-03-10 20:12:59', '14-12-2020 02:10:26 PM'),
(13, 6, 'Women Fashion', '2020-12-14 08:27:01', '14-12-2020 02:13:13 PM');

-- --------------------------------------------------------

--
-- Table structure for table `userlog`
--

CREATE TABLE `userlog` (
  `id` int(11) NOT NULL,
  `userEmail` varchar(255) DEFAULT NULL,
  `userip` binary(16) DEFAULT NULL,
  `loginTime` timestamp NULL DEFAULT current_timestamp(),
  `logout` varchar(255) DEFAULT NULL,
  `status` int(11) DEFAULT NULL
) ENGINE=InnoDB DEFAULT CHARSET=latin1;

--
-- Dumping data for table `userlog`
--

INSERT INTO `userlog` (`id`, `userEmail`, `userip`, `loginTime`, `logout`, `status`) VALUES
(23, 'hgfhgf@gmass.com', 0x3a3a3100000000000000000000000000, '2018-04-29 09:30:40', '', 1),
(24, 'adnan@gmail.com', 0x3a3a3100000000000000000000000000, '2020-12-16 17:55:43', '16-12-2020 07:02:42 PM', 1),
(25, 'adnan@gmail.com', 0x3a3a3100000000000000000000000000, '2020-12-16 18:03:38', '16-12-2020 07:14:27 PM', 1);

-- --------------------------------------------------------

--
-- Table structure for table `users`
--

CREATE TABLE `users` (
  `id` int(11) NOT NULL,
  `name` varchar(255) DEFAULT NULL,
  `email` varchar(255) DEFAULT NULL,
  `contactno` bigint(11) DEFAULT NULL,
  `password` varchar(255) DEFAULT NULL,
  `shippingAddress` longtext DEFAULT NULL,
  `shippingState` varchar(255) DEFAULT NULL,
  `shippingCity` varchar(255) DEFAULT NULL,
  `shippingPincode` int(11) DEFAULT NULL,
  `billingAddress` longtext DEFAULT NULL,
  `billingState` varchar(255) DEFAULT NULL,
  `billingCity` varchar(255) DEFAULT NULL,
  `billingPincode` int(11) DEFAULT NULL,
  `regDate` timestamp NOT NULL DEFAULT current_timestamp(),
  `updationDate` varchar(255) DEFAULT NULL
) ENGINE=InnoDB DEFAULT CHARSET=latin1;

--
-- Dumping data for table `users`
--

INSERT INTO `users` (`id`, `name`, `email`, `contactno`, `password`, `shippingAddress`, `shippingState`, `shippingCity`, `shippingPincode`, `billingAddress`, `billingState`, `billingCity`, `billingPincode`, `regDate`, `updationDate`) VALUES
(3, 'hg', 'hgfhgf@gmass.com', 1121312312, '827ccb0eea8a706c4c34a16891f84e7b', '', '', '', 0, '', '', '', 0, '2018-04-29 09:30:32', ''),
(4, 'Adnan', 'adnan@gmail.com', 1233654669, '827ccb0eea8a706c4c34a16891f84e7b', 'multan', 'punjab', 'multan', 12345, 'multan', 'punjab', 'multan', 12345, '2020-12-16 17:55:14', NULL);

-- --------------------------------------------------------

--
-- Table structure for table `wishlist`
--

CREATE TABLE `wishlist` (
  `id` int(11) NOT NULL,
  `userId` int(11) DEFAULT NULL,
  `productId` int(11) DEFAULT NULL,
  `postingDate` timestamp NOT NULL DEFAULT current_timestamp()
) ENGINE=InnoDB DEFAULT CHARSET=latin1;

--
-- Dumping data for table `wishlist`
--

INSERT INTO `wishlist` (`id`, `userId`, `productId`, `postingDate`) VALUES
(1, 1, 0, '2017-02-27 18:53:17');

--
-- Indexes for dumped tables
--

--
-- Indexes for table `admin`
--
ALTER TABLE `admin`
  ADD PRIMARY KEY (`id`);

--
-- Indexes for table `category`
--
ALTER TABLE `category`
  ADD PRIMARY KEY (`id`);

--
-- Indexes for table `orders`
--
ALTER TABLE `orders`
  ADD PRIMARY KEY (`id`);

--
-- Indexes for table `ordertrackhistory`
--
ALTER TABLE `ordertrackhistory`
  ADD PRIMARY KEY (`id`);

--
-- Indexes for table `productreviews`
--
ALTER TABLE `productreviews`
  ADD PRIMARY KEY (`id`);

--
-- Indexes for table `products`
--
ALTER TABLE `products`
  ADD PRIMARY KEY (`id`);

--
-- Indexes for table `subcategory`
--
ALTER TABLE `subcategory`
  ADD PRIMARY KEY (`id`);

--
-- Indexes for table `userlog`
--
ALTER TABLE `userlog`
  ADD PRIMARY KEY (`id`);

--
-- Indexes for table `users`
--
ALTER TABLE `users`
  ADD PRIMARY KEY (`id`);

--
-- Indexes for table `wishlist`
--
ALTER TABLE `wishlist`
  ADD PRIMARY KEY (`id`);

--
-- AUTO_INCREMENT for dumped tables
--

--
-- AUTO_INCREMENT for table `admin`
--
ALTER TABLE `admin`
  MODIFY `id` int(11) NOT NULL AUTO_INCREMENT, AUTO_INCREMENT=2;

--
-- AUTO_INCREMENT for table `category`
--
ALTER TABLE `category`
  MODIFY `id` int(11) NOT NULL AUTO_INCREMENT, AUTO_INCREMENT=7;

--
-- AUTO_INCREMENT for table `orders`
--
ALTER TABLE `orders`
  MODIFY `id` int(11) NOT NULL AUTO_INCREMENT, AUTO_INCREMENT=10;

--
-- AUTO_INCREMENT for table `ordertrackhistory`
--
ALTER TABLE `ordertrackhistory`
  MODIFY `id` int(11) NOT NULL AUTO_INCREMENT, AUTO_INCREMENT=5;

--
-- AUTO_INCREMENT for table `productreviews`
--
ALTER TABLE `productreviews`
  MODIFY `id` int(11) NOT NULL AUTO_INCREMENT, AUTO_INCREMENT=6;

--
-- AUTO_INCREMENT for table `products`
--
ALTER TABLE `products`
  MODIFY `id` int(11) NOT NULL AUTO_INCREMENT, AUTO_INCREMENT=32;

--
-- AUTO_INCREMENT for table `subcategory`
--
ALTER TABLE `subcategory`
  MODIFY `id` int(11) NOT NULL AUTO_INCREMENT, AUTO_INCREMENT=14;

--
-- AUTO_INCREMENT for table `userlog`
--
ALTER TABLE `userlog`
  MODIFY `id` int(11) NOT NULL AUTO_INCREMENT, AUTO_INCREMENT=26;

--
-- AUTO_INCREMENT for table `users`
--
ALTER TABLE `users`
  MODIFY `id` int(11) NOT NULL AUTO_INCREMENT, AUTO_INCREMENT=5;

--
-- AUTO_INCREMENT for table `wishlist`
--
ALTER TABLE `wishlist`
  MODIFY `id` int(11) NOT NULL AUTO_INCREMENT, AUTO_INCREMENT=2;
COMMIT;

/*!40101 SET CHARACTER_SET_CLIENT=@OLD_CHARACTER_SET_CLIENT */;
/*!40101 SET CHARACTER_SET_RESULTS=@OLD_CHARACTER_SET_RESULTS */;
/*!40101 SET COLLATION_CONNECTION=@OLD_COLLATION_CONNECTION */;
